filename,anomaly_score,ground_truth_label,subset_tag,pred_validation_threshold,pred_oracle_threshold
frame_0012.jpg,0.4852272868156433,0,val_good,0,0
frame_0018.jpg,0.5137482285499573,0,val_good,0,0
frame_0021.jpg,0.47554945945739746,0,val_good,0,0
frame_0026.jpg,0.4387338161468506,0,val_good,0,0
frame_0032.jpg,0.45728862285614014,0,val_good,0,0
frame_0059.jpg,0.5054090619087219,0,val_good,0,0
frame_0060.jpg,0.4666931927204132,0,val_good,0,0
frame_0075.jpg,0.49401384592056274,0,val_good,0,0
frame_0076.jpg,0.45360276103019714,0,val_good,0,0
frame_0093.jpg,0.44650739431381226,0,val_good,0,0
frame_0097.jpg,0.5315557718276978,0,val_good,0,0
frame_0098.jpg,0.5130928754806519,0,val_good,0,0
frame_0117.jpg,0.43073877692222595,0,val_good,0,0
frame_0118.jpg,0.6233989000320435,0,val_good,0,0
frame_0138.jpg,0.5489552021026611,0,val_good,0,0
frame_0142.jpg,0.5308210253715515,0,val_good,0,0
frame_0148.jpg,0.5279793739318848,0,val_good,0,0
frame_0159.jpg,0.46461185812950134,0,val_good,0,0
frame_0161.jpg,0.47927621006965637,0,val_good,0,0
frame_0163.jpg,0.4400016963481903,0,val_good,0,0
frame_0170.jpg,0.41093936562538147,0,val_good,0,0
frame_0181.jpg,0.46190914511680603,0,val_good,0,0
frame_0187.jpg,0.5452243685722351,0,val_good,0,0
frame_0198.jpg,0.45729774236679077,0,val_good,0,0
frame_0207.jpg,0.5270648002624512,0,val_good,0,0
frame_0213.jpg,0.5571135878562927,0,val_good,0,0
frame_0214.jpg,0.5781545042991638,0,val_good,0,0
frame_0219.jpg,0.588445782661438,0,val_good,0,0
frame_0221.jpg,0.4812033474445343,0,val_good,0,0
frame_0222.jpg,0.46135976910591125,0,val_good,0,0
frame_0227.jpg,0.5052498579025269,0,val_good,0,0
frame_0237.jpg,0.47668179869651794,0,val_good,0,0
frame_0247.jpg,0.7452969551086426,0,val_good,1,1
frame_0254.jpg,0.4840693771839142,0,val_good,0,0
frame_0277.jpg,0.5207555890083313,0,val_good,0,0
frame_0287.jpg,0.49996745586395264,0,val_good,0,0
frame_0004.jpg,0.4850232005119324,0,good,0,0
frame_0013.jpg,0.5057746171951294,0,good,0,0
frame_0014.jpg,0.46668821573257446,0,good,0,0
frame_0016.jpg,0.5116060972213745,0,good,0,0
frame_0017.jpg,0.5180196762084961,0,good,0,0
frame_0045.jpg,0.52791827917099,0,good,0,0
frame_0048.jpg,0.5643733143806458,0,good,0,0
frame_0050.jpg,0.5625808238983154,0,good,0,0
frame_0053.jpg,0.510385274887085,0,good,0,0
frame_0058.jpg,0.4918214976787567,0,good,0,0
frame_0072.jpg,0.46399322152137756,0,good,0,0
frame_0080.jpg,0.559302031993866,0,good,0,0
frame_0082.jpg,0.5199092626571655,0,good,0,0
frame_0102.jpg,0.47107791900634766,0,good,0,0
frame_0111.jpg,0.5713303685188293,0,good,0,0
frame_0112.jpg,0.5418297648429871,0,good,0,0
frame_0113.jpg,0.532091498374939,0,good,0,0
frame_0115.jpg,0.43544256687164307,0,good,0,0
frame_0120.jpg,0.6254085302352905,0,good,0,0
frame_0126.jpg,0.45823198556900024,0,good,0,0
frame_0136.jpg,0.45280155539512634,0,good,0,0
frame_0141.jpg,0.5207417011260986,0,good,0,0
frame_0143.jpg,0.5448535084724426,0,good,0,0
frame_0173.jpg,0.6864346861839294,0,good,0,1
frame_0175.jpg,0.48788607120513916,0,good,0,0
frame_0177.jpg,0.479854017496109,0,good,0,0
frame_0184.jpg,0.5025606155395508,0,good,0,0
frame_0195.jpg,0.4908844232559204,0,good,0,0
frame_0215.jpg,0.5158712863922119,0,good,0,0
frame_0217.jpg,0.5322871804237366,0,good,0,0
frame_0230.jpg,0.6599118709564209,0,good,0,0
frame_0259.jpg,0.5147734880447388,0,good,0,0
frame_0271.jpg,0.497972309589386,0,good,0,0
frame_0280.jpg,0.5395338535308838,0,good,0,0
frame_0283.jpg,0.45060834288597107,0,good,0,0
frame_0285.jpg,0.5293899774551392,0,good,0,0
frame_0286.jpg,0.5436728000640869,0,good,0,0
original_damaged_joint_01_frame_0420.jpg,0.6885563731193542,1,real_damage,0,1
original_damaged_joint_02_frame_0424.jpg,0.7499057650566101,1,real_damage,1,1
original_damaged_joint_03_frame_0429.jpg,0.7470157742500305,1,real_damage,1,1
original_damaged_joint_04_frame_0433.jpg,0.7300039529800415,1,real_damage,1,1
original_damaged_joint_05_frame_0437.jpg,0.7622280716896057,1,real_damage,1,1
original_damaged_joint_06_frame_0442.jpg,0.7072423100471497,1,real_damage,1,1
original_damaged_joint_07_frame_0446.jpg,0.7259621620178223,1,real_damage,1,1
original_damaged_joint_08_frame_0451.jpg,0.7187759280204773,1,real_damage,1,1
original_damaged_joint_09_frame_0455.jpg,0.716605007648468,1,real_damage,1,1
original_damaged_joint_10_frame_0459.jpg,0.7545346617698669,1,real_damage,1,1
original_damaged_joint_11_frame_0464.jpg,0.7585068345069885,1,real_damage,1,1
original_damaged_joint_12_frame_0468.jpg,0.7277249097824097,1,real_damage,1,1
original_damaged_joint_13_frame_0472.jpg,0.7527100443840027,1,real_damage,1,1
original_damaged_joint_14_frame_0477.jpg,0.7271554470062256,1,real_damage,1,1
original_damaged_joint_15_frame_0481.jpg,0.7986733913421631,1,real_damage,1,1
original_damaged_joint_16_frame_0485.jpg,0.7718537449836731,1,real_damage,1,1
original_damaged_joint_17_frame_0490.jpg,0.7491245269775391,1,real_damage,1,1
original_damaged_joint_18_frame_0494.jpg,0.7575560808181763,1,real_damage,1,1
original_damaged_joint_19_frame_0498.jpg,0.7707030773162842,1,real_damage,1,1
original_damaged_joint_20_frame_0503.jpg,0.7584590911865234,1,real_damage,1,1
original_damaged_joint_21_frame_0507.jpg,0.7373332381248474,1,real_damage,1,1
original_damaged_joint_22_frame_0512.jpg,0.7571064233779907,1,real_damage,1,1
original_damaged_joint_23_frame_0516.jpg,0.7258864641189575,1,real_damage,1,1
original_damaged_joint_24_frame_0520.jpg,0.7211976051330566,1,real_damage,1,1
original_damaged_joint_25_frame_0525.jpg,0.7460682988166809,1,real_damage,1,1
original_damaged_joint_26_frame_0529.jpg,0.7433353662490845,1,real_damage,1,1
original_damaged_joint_27_frame_0533.jpg,0.7475131154060364,1,real_damage,1,1
original_damaged_joint_28_frame_0538.jpg,0.7401300072669983,1,real_damage,1,1
original_damaged_joint_29_frame_0542.jpg,0.7311185002326965,1,real_damage,1,1
original_damaged_joint_30_frame_0546.jpg,0.7733356952667236,1,real_damage,1,1
original_damaged_joint_31_frame_0551.jpg,0.7782856225967407,1,real_damage,1,1
original_damaged_joint_32_frame_0555.jpg,0.7455768585205078,1,real_damage,1,1
original_damaged_joint_33_frame_0559.jpg,0.7537682056427002,1,real_damage,1,1
original_damaged_joint_34_frame_0564.jpg,0.7574529647827148,1,real_damage,1,1
original_damaged_joint_35_frame_0568.jpg,0.7234353423118591,1,real_damage,1,1
original_damaged_joint_36_frame_0573.jpg,0.7425409555435181,1,real_damage,1,1
original_damaged_joint_37_frame_0577.jpg,0.7250271439552307,1,real_damage,1,1
original_damaged_joint_38_frame_0581.jpg,0.7113905549049377,1,real_damage,1,1
original_damaged_joint_39_frame_0586.jpg,0.725822925567627,1,real_damage,1,1
original_damaged_joint_40_frame_0590.jpg,0.7318522930145264,1,real_damage,1,1
synthetic_damage_001_crack.jpg,0.6630590558052063,1,synthetic_damage,0,1
synthetic_damage_002_tear.jpg,0.8052026629447937,1,synthetic_damage,1,1
synthetic_damage_003_wear.jpg,0.8653751015663147,1,synthetic_damage,1,1
synthetic_damage_004_stain.jpg,0.9094772338867188,1,synthetic_damage,1,1
synthetic_damage_005_missing_chunk.jpg,0.8327242732048035,1,synthetic_damage,1,1
synthetic_damage_006_crack.jpg,0.7258533835411072,1,synthetic_damage,1,1
synthetic_damage_007_tear.jpg,0.8005300760269165,1,synthetic_damage,1,1
synthetic_damage_008_wear.jpg,0.836603581905365,1,synthetic_damage,1,1
synthetic_damage_009_stain.jpg,0.8862378597259521,1,synthetic_damage,1,1
synthetic_damage_010_missing_chunk.jpg,0.8132745623588562,1,synthetic_damage,1,1
synthetic_damage_011_crack.jpg,0.746823251247406,1,synthetic_damage,1,1
synthetic_damage_012_tear.jpg,0.7764415144920349,1,synthetic_damage,1,1
synthetic_damage_013_wear.jpg,0.8744916915893555,1,synthetic_damage,1,1
synthetic_damage_014_stain.jpg,0.9123045206069946,1,synthetic_damage,1,1
synthetic_damage_015_missing_chunk.jpg,0.8449941277503967,1,synthetic_damage,1,1
synthetic_damage_016_crack.jpg,0.7745652794837952,1,synthetic_damage,1,1
synthetic_damage_017_tear.jpg,0.784640908241272,1,synthetic_damage,1,1
synthetic_damage_018_wear.jpg,0.8374568819999695,1,synthetic_damage,1,1
synthetic_damage_019_stain.jpg,0.9007911086082458,1,synthetic_damage,1,1
synthetic_damage_020_missing_chunk.jpg,0.7596679329872131,1,synthetic_damage,1,1
synthetic_damage_021_crack.jpg,0.7824923396110535,1,synthetic_damage,1,1
synthetic_damage_022_tear.jpg,0.7261801958084106,1,synthetic_damage,1,1
synthetic_damage_023_wear.jpg,0.8083755373954773,1,synthetic_damage,1,1
synthetic_damage_024_stain.jpg,0.9066287875175476,1,synthetic_damage,1,1
synthetic_damage_025_missing_chunk.jpg,0.8971524238586426,1,synthetic_damage,1,1
synthetic_damage_026_crack.jpg,0.7186986804008484,1,synthetic_damage,1,1
synthetic_damage_027_tear.jpg,0.7974852323532104,1,synthetic_damage,1,1
synthetic_damage_028_wear.jpg,0.8001106381416321,1,synthetic_damage,1,1
synthetic_damage_029_stain.jpg,0.89432293176651,1,synthetic_damage,1,1
synthetic_damage_030_missing_chunk.jpg,0.826756477355957,1,synthetic_damage,1,1
