Original_File,Status,Reason
frame_0000.jpg,REMOVED,BLURRY
frame_0001.jpg,REMOVED,BLURRY
frame_0002.jpg,REMOVED,BLURRY
frame_0003.jpg,REMOVED,BLURRY
frame_0004.jpg,REMOVED,BLURRY
frame_0005.jpg,REMOVED,BLURRY
frame_0006.jpg,REMOVED,BLURRY
frame_0007.jpg,REMOVED,BLURRY
frame_0008.jpg,REMOVED,BLURRY
frame_0009.jpg,REMOVED,BLURRY
frame_0010.jpg,REMOVED,BLURRY
frame_0011.jpg,REMOVED,BLURRY
frame_0012.jpg,REMOVED,BLURRY
frame_0013.jpg,REMOVED,BLURRY
frame_0014.jpg,REMOVED,BLURRY
frame_0015.jpg,REMOVED,BLURRY
frame_0016.jpg,REMOVED,BLURRY
frame_0017.jpg,REMOVED,BLURRY
frame_0018.jpg,REMOVED,BLURRY
frame_0019.jpg,REMOVED,BLURRY
frame_0020.jpg,REMOVED,BLURRY
frame_0021.jpg,REMOVED,BLURRY
frame_0022.jpg,REMOVED,BLURRY
frame_0023.jpg,REMOVED,BLURRY
frame_0024.jpg,REMOVED,BLURRY
frame_0025.jpg,REMOVED,BLURRY
frame_0026.jpg,REMOVED,BLURRY
frame_0027.jpg,REMOVED,BLURRY
frame_0028.jpg,REMOVED,BLURRY
frame_0029.jpg,REMOVED,BLURRY
frame_0030.jpg,REMOVED,BLURRY
frame_0031.jpg,REMOVED,BLURRY
frame_0032.jpg,REMOVED,BLURRY
frame_0033.jpg,REMOVED,BLURRY
frame_0034.jpg,REMOVED,BLURRY
frame_0035.jpg,REMOVED,BLURRY
frame_0036.jpg,REMOVED,BLURRY
frame_0037.jpg,REMOVED,BLURRY
frame_0038.jpg,REMOVED,BLURRY
frame_0039.jpg,REMOVED,BLURRY
frame_0040.jpg,REMOVED,BLURRY
frame_0041.jpg,REMOVED,BLURRY
frame_0042.jpg,REMOVED,BLURRY
frame_0043.jpg,REMOVED,BLURRY
frame_0044.jpg,REMOVED,BLURRY
frame_0045.jpg,REMOVED,BLURRY
frame_0046.jpg,REMOVED,BLURRY
frame_0047.jpg,REMOVED,BLURRY
frame_0048.jpg,REMOVED,BLURRY
frame_0049.jpg,REMOVED,BLURRY
frame_0050.jpg,REMOVED,BLURRY
frame_0051.jpg,REMOVED,BLURRY
frame_0052.jpg,REMOVED,BLURRY
frame_0053.jpg,REMOVED,BLURRY
frame_0054.jpg,REMOVED,BLURRY
frame_0055.jpg,REMOVED,BLURRY
frame_0056.jpg,REMOVED,BLURRY
frame_0057.jpg,REMOVED,BLURRY
frame_0058.jpg,REMOVED,BLURRY
frame_0059.jpg,REMOVED,BLURRY
frame_0060.jpg,REMOVED,BLURRY
frame_0061.jpg,REMOVED,BLURRY
frame_0062.jpg,REMOVED,BLURRY
frame_0063.jpg,REMOVED,BLURRY
frame_0064.jpg,REMOVED,BLURRY
frame_0065.jpg,REMOVED,BLURRY
frame_0066.jpg,REMOVED,BLURRY
frame_0067.jpg,REMOVED,BLURRY
frame_0068.jpg,REMOVED,BLURRY
frame_0069.jpg,REMOVED,BLURRY
frame_0070.jpg,REMOVED,BLURRY
frame_0071.jpg,REMOVED,BLURRY
frame_0072.jpg,REMOVED,BLURRY
frame_0073.jpg,REMOVED,BLURRY
frame_0074.jpg,REMOVED,BLURRY
frame_0075.jpg,REMOVED,BLURRY
frame_0076.jpg,REMOVED,BLURRY
frame_0077.jpg,REMOVED,BLURRY
frame_0078.jpg,REMOVED,BLURRY
frame_0079.jpg,REMOVED,BLURRY
frame_0080.jpg,REMOVED,BLURRY
frame_0081.jpg,REMOVED,BLURRY
frame_0082.jpg,REMOVED,BLURRY
frame_0083.jpg,REMOVED,BLURRY
frame_0084.jpg,REMOVED,BLURRY
frame_0085.jpg,REMOVED,BLURRY
frame_0086.jpg,REMOVED,BLURRY
frame_0087.jpg,REMOVED,BLURRY
frame_0088.jpg,REMOVED,BLURRY
frame_0089.jpg,REMOVED,BLURRY
frame_0090.jpg,REMOVED,BLURRY
frame_0091.jpg,REMOVED,BLURRY
frame_0092.jpg,REMOVED,BLURRY
frame_0093.jpg,REMOVED,BLURRY
frame_0094.jpg,REMOVED,BLURRY
frame_0095.jpg,REMOVED,BLURRY
frame_0096.jpg,REMOVED,BLURRY
frame_0097.jpg,REMOVED,BLURRY
frame_0098.jpg,REMOVED,BLURRY
frame_0099.jpg,REMOVED,BLURRY
frame_0100.jpg,REMOVED,BLURRY
frame_0101.jpg,REMOVED,BLURRY
frame_0102.jpg,REMOVED,BLURRY
frame_0103.jpg,REMOVED,BLURRY
frame_0104.jpg,REMOVED,BLURRY
frame_0105.jpg,REMOVED,BLURRY
frame_0106.jpg,REMOVED,BLURRY
frame_0107.jpg,REMOVED,BLURRY
frame_0108.jpg,REMOVED,BLURRY
frame_0109.jpg,REMOVED,BLURRY
frame_0110.jpg,KEPT,GOOD
frame_0111.jpg,REMOVED,DUPLICATE
frame_0112.jpg,REMOVED,DUPLICATE
frame_0113.jpg,REMOVED,BLURRY
frame_0114.jpg,REMOVED,DUPLICATE
frame_0115.jpg,REMOVED,DUPLICATE
frame_0116.jpg,REMOVED,BLURRY
frame_0117.jpg,REMOVED,BLURRY
frame_0118.jpg,REMOVED,BLURRY
frame_0119.jpg,REMOVED,BLURRY
frame_0120.jpg,REMOVED,DUPLICATE
frame_0121.jpg,REMOVED,BLURRY
frame_0122.jpg,REMOVED,BLURRY
frame_0123.jpg,REMOVED,DUPLICATE
frame_0124.jpg,REMOVED,DUPLICATE
frame_0125.jpg,REMOVED,BLURRY
frame_0126.jpg,REMOVED,BLURRY
frame_0127.jpg,REMOVED,BLURRY
frame_0128.jpg,REMOVED,BLURRY
frame_0129.jpg,REMOVED,BLURRY
frame_0130.jpg,REMOVED,DUPLICATE
frame_0131.jpg,REMOVED,BLURRY
frame_0132.jpg,REMOVED,DUPLICATE
frame_0133.jpg,REMOVED,BLURRY
frame_0134.jpg,REMOVED,DUPLICATE
frame_0135.jpg,REMOVED,BLURRY
frame_0136.jpg,REMOVED,BLURRY
frame_0137.jpg,REMOVED,BLURRY
frame_0138.jpg,REMOVED,BLURRY
frame_0139.jpg,REMOVED,BLURRY
frame_0140.jpg,REMOVED,BLURRY
frame_0141.jpg,REMOVED,BLURRY
frame_0142.jpg,REMOVED,BLURRY
frame_0143.jpg,REMOVED,BLURRY
frame_0144.jpg,REMOVED,BLURRY
frame_0145.jpg,REMOVED,BLURRY
frame_0146.jpg,REMOVED,BLURRY
frame_0147.jpg,REMOVED,BLURRY
frame_0148.jpg,REMOVED,BLURRY
frame_0149.jpg,REMOVED,BLURRY
frame_0150.jpg,REMOVED,BLURRY
frame_0151.jpg,REMOVED,BLURRY
frame_0152.jpg,REMOVED,BLURRY
frame_0153.jpg,REMOVED,BLURRY
frame_0154.jpg,REMOVED,BLURRY
frame_0155.jpg,REMOVED,BLURRY
frame_0156.jpg,REMOVED,BLURRY
frame_0157.jpg,REMOVED,BLURRY
frame_0158.jpg,REMOVED,BLURRY
frame_0159.jpg,REMOVED,BLURRY
frame_0160.jpg,REMOVED,BLURRY
frame_0161.jpg,REMOVED,BLURRY
frame_0162.jpg,REMOVED,BLURRY
frame_0163.jpg,REMOVED,BLURRY
frame_0164.jpg,REMOVED,BLURRY
frame_0165.jpg,REMOVED,BLURRY
frame_0166.jpg,REMOVED,BLURRY
frame_0167.jpg,REMOVED,BLURRY
frame_0168.jpg,REMOVED,BLURRY
frame_0169.jpg,REMOVED,BLURRY
frame_0170.jpg,REMOVED,BLURRY
frame_0171.jpg,REMOVED,BLURRY
frame_0172.jpg,REMOVED,BLURRY
frame_0173.jpg,REMOVED,BLURRY
frame_0174.jpg,REMOVED,BLURRY
frame_0175.jpg,REMOVED,BLURRY
frame_0176.jpg,REMOVED,BLURRY
frame_0177.jpg,REMOVED,BLURRY
frame_0178.jpg,REMOVED,BLURRY
frame_0179.jpg,REMOVED,BLURRY
frame_0180.jpg,KEPT,GOOD
frame_0181.jpg,REMOVED,BLURRY
frame_0182.jpg,REMOVED,BLURRY
frame_0183.jpg,REMOVED,BLURRY
frame_0184.jpg,REMOVED,BLURRY
frame_0185.jpg,REMOVED,BLURRY
frame_0186.jpg,REMOVED,BLURRY
frame_0187.jpg,REMOVED,DUPLICATE
frame_0188.jpg,REMOVED,DUPLICATE
frame_0189.jpg,REMOVED,DUPLICATE
frame_0190.jpg,REMOVED,DUPLICATE
frame_0191.jpg,REMOVED,DUPLICATE
frame_0192.jpg,REMOVED,DUPLICATE
frame_0193.jpg,KEPT,GOOD
frame_0194.jpg,REMOVED,DUPLICATE
frame_0195.jpg,REMOVED,DUPLICATE
frame_0196.jpg,REMOVED,DUPLICATE
frame_0197.jpg,REMOVED,DUPLICATE
frame_0198.jpg,REMOVED,DUPLICATE
frame_0199.jpg,REMOVED,DUPLICATE
frame_0200.jpg,REMOVED,DUPLICATE
frame_0201.jpg,REMOVED,DUPLICATE
frame_0202.jpg,REMOVED,DUPLICATE
frame_0203.jpg,REMOVED,DUPLICATE
frame_0204.jpg,REMOVED,DUPLICATE
frame_0205.jpg,REMOVED,DUPLICATE
frame_0206.jpg,REMOVED,DUPLICATE
frame_0207.jpg,REMOVED,DUPLICATE
frame_0208.jpg,REMOVED,DUPLICATE
frame_0209.jpg,REMOVED,DUPLICATE
frame_0210.jpg,REMOVED,DUPLICATE
frame_0211.jpg,REMOVED,DUPLICATE
frame_0212.jpg,KEPT,GOOD
frame_0213.jpg,REMOVED,DUPLICATE
frame_0214.jpg,REMOVED,DUPLICATE
frame_0215.jpg,REMOVED,DUPLICATE
frame_0216.jpg,REMOVED,DUPLICATE
frame_0217.jpg,REMOVED,DUPLICATE
frame_0218.jpg,REMOVED,BLURRY
frame_0219.jpg,REMOVED,BLURRY
frame_0220.jpg,REMOVED,BLURRY
frame_0221.jpg,REMOVED,BLURRY
frame_0222.jpg,REMOVED,BLURRY
frame_0223.jpg,REMOVED,BLURRY
frame_0224.jpg,REMOVED,BLURRY
frame_0225.jpg,REMOVED,BLURRY
frame_0226.jpg,REMOVED,BLURRY
frame_0227.jpg,REMOVED,BLURRY
frame_0228.jpg,REMOVED,BLURRY
frame_0229.jpg,REMOVED,BLURRY
frame_0230.jpg,REMOVED,BLURRY
frame_0231.jpg,REMOVED,BLURRY
frame_0232.jpg,REMOVED,BLURRY
frame_0233.jpg,REMOVED,BLURRY
frame_0234.jpg,REMOVED,BLURRY
frame_0235.jpg,REMOVED,BLURRY
frame_0236.jpg,REMOVED,BLURRY
frame_0237.jpg,REMOVED,BLURRY
frame_0238.jpg,REMOVED,BLURRY
frame_0239.jpg,REMOVED,BLURRY
frame_0240.jpg,REMOVED,BLURRY
frame_0241.jpg,REMOVED,BLURRY
frame_0242.jpg,REMOVED,BLURRY
frame_0243.jpg,REMOVED,BLURRY
frame_0244.jpg,REMOVED,BLURRY
frame_0245.jpg,REMOVED,BLURRY
frame_0246.jpg,REMOVED,BLURRY
frame_0247.jpg,REMOVED,BLURRY
frame_0248.jpg,REMOVED,BLURRY
frame_0249.jpg,REMOVED,BLURRY
frame_0250.jpg,REMOVED,BLURRY
frame_0251.jpg,REMOVED,BLURRY
frame_0252.jpg,REMOVED,BLURRY
frame_0253.jpg,REMOVED,BLURRY
frame_0254.jpg,REMOVED,BLURRY
frame_0255.jpg,REMOVED,BLURRY
frame_0256.jpg,REMOVED,BLURRY
frame_0257.jpg,REMOVED,BLURRY
frame_0258.jpg,REMOVED,BLURRY
frame_0259.jpg,REMOVED,BLURRY
frame_0260.jpg,REMOVED,BLURRY
frame_0261.jpg,REMOVED,BLURRY
frame_0262.jpg,REMOVED,BLURRY
frame_0263.jpg,REMOVED,BLURRY
frame_0264.jpg,REMOVED,BLURRY
frame_0265.jpg,REMOVED,BLURRY
frame_0266.jpg,REMOVED,BLURRY
frame_0267.jpg,REMOVED,BLURRY
frame_0268.jpg,REMOVED,BLURRY
frame_0269.jpg,REMOVED,BLURRY
frame_0270.jpg,REMOVED,BLURRY
frame_0271.jpg,REMOVED,BLURRY
frame_0272.jpg,REMOVED,BLURRY
frame_0273.jpg,REMOVED,BLURRY
frame_0274.jpg,REMOVED,BLURRY
frame_0275.jpg,REMOVED,BLURRY
frame_0276.jpg,REMOVED,BLURRY
frame_0277.jpg,REMOVED,BLURRY
frame_0278.jpg,REMOVED,BLURRY
frame_0279.jpg,REMOVED,BLURRY
frame_0280.jpg,REMOVED,BLURRY
frame_0281.jpg,REMOVED,BLURRY
frame_0282.jpg,REMOVED,BLURRY
frame_0283.jpg,KEPT,GOOD
frame_0284.jpg,REMOVED,DUPLICATE
frame_0285.jpg,REMOVED,DUPLICATE
frame_0286.jpg,REMOVED,DUPLICATE
frame_0287.jpg,REMOVED,BLURRY
frame_0288.jpg,REMOVED,BLURRY
frame_0289.jpg,REMOVED,BLURRY
frame_0290.jpg,REMOVED,DUPLICATE
frame_0291.jpg,REMOVED,BLURRY
